ID_Bounty,Fecha_Registro,Nombre_Proyecto,Recompensa_USDC,Gas_Estimado_L2_USD,Beneficio_Neto_USD,Red_Blockchain,Estado_Cobro,Wallet_Receptora,Pull_Request_URL,Issue_URL
gh_4953839046,2026-08-05,[Bounty] [$2500] Translate comment & Web3 Feature,2500.00,2.50,2497.50,Ethereum,EN_REVISION,0x8366bCe3a2D379De7656D7A67015789FaF999f20,https://github.com/zhangjiayang6835-cyber/bounty-plaza/pull/776,https://github.com/zhangjiayang6835-cyber/bounty-plaza/issues/672
gh_4687674806,2026-08-05,[owockibot] Security audit — bounty escrow smart contract,1200.00,0.05,1199.95,Base,EN_REVISION,0x8366bCe3a2D379De7656D7A67015789FaF999f20,https://github.com/cyrilawoyemi99-max/owockibot-bounty-sync-/pull/53,https://github.com/search?q=gh_4687674806
gh_5033387233,2026-08-05,RWA Tokenization Demo & Contract Tests,500.00,0.05,499.95,Base,EN_REVISION,0x8366bCe3a2D379De7656D7A67015789FaF999f20,https://github.com/pigfox/rwa-tokenization-demo/pull/2,https://github.com/pigfox/rwa-tokenization-demo/issues/1
gh_1661694335,2026-08-05,Ethereum Zurich Sponsor Bounties Integration,450.00,2.50,447.50,Ethereum,EN_REVISION,0x8366bCe3a2D379De7656D7A67015789FaF999f20,https://github.com/ethereumzurich/sponsor-bounties/pull/5,https://github.com/ethereumzurich/sponsor-bounties/issues/4
gh_1369978319,2026-08-05,Tezos Gitcoin Bounties Smart Contract,350.00,0.05,349.95,Polygon,EN_REVISION,0x8366bCe3a2D379De7656D7A67015789FaF999f20,https://github.com/tezos-contrib/gitcoin-bounties/pull/27,https://github.com/tezos-contrib/gitcoin-bounties/issues/26
gh_4309727833,2026-08-05,Intuition Box Ontology Refactor,300.00,2.50,297.50,Ethereum,EN_REVISION,0x8366bCe3a2D379De7656D7A67015789FaF999f20,https://github.com/intuition-box/Ontology/pull/17,https://github.com/intuition-box/Ontology/issues/16
gh_4951215572,2026-08-05,Bounty gh_4951215572,250.00,2.50,247.50,Ethereum,EN_REVISION,0x8366bCe3a2D379De7656D7A67015789FaF999f20,https://github.com/zhangjiayang6835-cyber/bounty-plaza/pull/781,https://github.com/zhangjiayang6835-cyber/bounty-plaza/issues/658
gh_4995997196,2026-08-05,Bounty gh_4995997196,250.00,2.50,247.50,Ethereum,EN_REVISION,0x8366bCe3a2D379De7656D7A67015789FaF999f20,https://github.com/zhangjiayang6835-cyber/bounty-plaza/pull/783,https://github.com/zhangjiayang6835-cyber/bounty-plaza/issues/738
gh_4995997092,2026-08-05,Bounty gh_4995997092,250.00,2.50,247.50,Ethereum,EN_REVISION,0x8366bCe3a2D379De7656D7A67015789FaF999f20,https://github.com/zhangjiayang6835-cyber/bounty-plaza/pull/784,https://github.com/zhangjiayang6835-cyber/bounty-plaza/issues/737
gh_4951215649,2026-08-05,Bounty gh_4951215649,250.00,2.50,247.50,Ethereum,EN_REVISION,0x8366bCe3a2D379De7656D7A67015789FaF999f20,https://github.com/zhangjiayang6835-cyber/bounty-plaza/pull/777,https://github.com/zhangjiayang6835-cyber/bounty-plaza/issues/659
gh_4951215818,2026-08-05,Bounty gh_4951215818,250.00,2.50,247.50,Ethereum,EN_REVISION,0x8366bCe3a2D379De7656D7A67015789FaF999f20,https://github.com/zhangjiayang6835-cyber/bounty-plaza/pull/780,https://github.com/zhangjiayang6835-cyber/bounty-plaza/issues/660
gh_5001535427,2026-08-05,Bounty gh_5001535427,250.00,2.50,247.50,Ethereum,EN_REVISION,0x8366bCe3a2D379De7656D7A67015789FaF999f20,https://github.com/zhangjiayang6835-cyber/bounty-plaza/pull/778,https://github.com/zhangjiayang6835-cyber/bounty-plaza/issues/741
gh_4951785234,2026-08-05,Bounty gh_4951785234,250.00,2.50,247.50,Ethereum,EN_REVISION,0x8366bCe3a2D379De7656D7A67015789FaF999f20,https://github.com/zhangjiayang6835-cyber/bounty-plaza/pull/779,https://github.com/zhangjiayang6835-cyber/bounty-plaza/issues/663
gh_4955203707,2026-08-05,Bounty gh_4955203707,250.00,2.50,247.50,Ethereum,EN_REVISION,0x8366bCe3a2D379De7656D7A67015789FaF999f20,https://github.com/zhangjiayang6835-cyber/bounty-plaza/pull/782,https://github.com/zhangjiayang6835-cyber/bounty-plaza/issues/676
gh_4721786775,2026-08-05,Smart contract security audit — Soroban passport and escrow contracts,200.00,2.50,197.50,Ethereum,EN_REVISION,0x8366bCe3a2D379De7656D7A67015789FaF999f20,https://github.com/Bitcoindefi/Open-Stellar/pull/478,https://github.com/search?q=gh_4721786775
gh_4745747718,2026-08-05,🔒 Smart Contract Security Audit Request,200.00,2.50,197.50,Ethereum,EN_REVISION,0x8366bCe3a2D379De7656D7A67015789FaF999f20,https://github.com/xlabtg/dns-contract/pull/3,https://github.com/search?q=gh_4745747718
gh_4864398812,2026-08-05,[Bounty] [Bounty] [Bounty] [Bounty] [Bounty] [Bounty] [BUG] Java RMI Deserialization → Re,200.00,2.50,197.50,Ethereum,EN_REVISION,0x8366bCe3a2D379De7656D7A67015789FaF999f20,https://github.com/zhangjiayang6835-cyber/bounty-plaza/pull/793,https://github.com/search?q=gh_4864398812
gh_4162315389,2026-08-05,Smart Contract Issues,200.00,0.05,199.95,Base,EN_REVISION,0x8366bCe3a2D379De7656D7A67015789FaF999f20,https://github.com/Nova-reward/Nova-Rewards/pull/1218,https://github.com/search?q=gh_4162315389
gh_4864581935,2026-08-05,[Bounty] [Bounty] [Bounty] [Bounty] [Bounty] [Bounty] [Bounty] [BUG] GraphQL Batch Query ,150.00,2.50,147.50,Ethereum,EN_REVISION,0x8366bCe3a2D379De7656D7A67015789FaF999f20,https://github.com/zhangjiayang6835-cyber/bounty-plaza/pull/792,https://github.com/search?q=gh_4864581935
gh_1138539043,2026-08-05,Integrate gitcoin bounties,150.00,2.50,147.50,Ethereum,EN_REVISION,0x8366bCe3a2D379De7656D7A67015789FaF999f20,https://github.com/hackbg/fadroma/pull/254,https://github.com/hackbg/fadroma/issues/60
gh_4863972275,2026-08-05,[CLAIM] ONBOARD: RustChain vs Gitcoin,150.00,2.50,147.50,Ethereum,EN_REVISION,0x8366bCe3a2D379De7656D7A67015789FaF999f20,https://github.com/Scottcjn/rustchain-bounties/pull/16391,https://github.com/Scottcjn/rustchain-bounties/issues/15329
gh_1247022894,2026-08-05,Add GitCoin Bounties,150.00,2.50,147.50,Ethereum,EN_REVISION,0x8366bCe3a2D379De7656D7A67015789FaF999f20,https://github.com/rooteco/tweetscape/pull/506,https://github.com/rooteco/tweetscape/issues/427
gh_4864581678,2026-08-05,[Bounty] [Bounty] [Bounty] [Bounty] [Bounty] [Bounty] [Bounty] [BUG] Zip Slip → Arbitrary,150.00,2.50,147.50,Ethereum,EN_REVISION,0x8366bCe3a2D379De7656D7A67015789FaF999f20,https://github.com/zhangjiayang6835-cyber/bounty-plaza/pull/795,https://github.com/search?q=gh_4864581678
gh_4459582619,2026-08-05,Update Bounties page with agent-compatible bounty pattern,150.00,2.50,147.50,Ethereum,EN_REVISION,0x8366bCe3a2D379De7656D7A67015789FaF999f20,https://github.com/gitcoinco/gitcoin_co_30/pull/474,https://github.com/gitcoinco/gitcoin_co_30/issues/360
gh_4864581853,2026-08-05,[Bounty] [Bounty] [Bounty] [Bounty] [Bounty] [Bounty] [Bounty] [BUG] MongoDB NoSQL Inject,150.00,2.50,147.50,Ethereum,EN_REVISION,0x8366bCe3a2D379De7656D7A67015789FaF999f20,https://github.com/zhangjiayang6835-cyber/bounty-plaza/pull/791,https://github.com/search?q=gh_4864581853
gh_4868171125,2026-08-05,RustChain vs Gitcoin - Comment #4952215613,150.00,2.50,147.50,Ethereum,EN_REVISION,0x8366bCe3a2D379De7656D7A67015789FaF999f20,https://github.com/Scottcjn/rustchain-bounties/pull/16392,https://github.com/Scottcjn/rustchain-bounties/issues/15620
gh_4864398575,2026-08-05,[Bounty] [Bounty] [Bounty] [Bounty] [Bounty] [Bounty] [BUG] LDAP Injection → Anonymous Bi,120.00,2.50,117.50,Ethereum,EN_REVISION,0x8366bCe3a2D379De7656D7A67015789FaF999f20,https://github.com/zhangjiayang6835-cyber/bounty-plaza/pull/794,https://github.com/search?q=gh_4864398575
gh_4864581780,2026-08-05,[Bounty] [Bounty] [Bounty] [Bounty] [Bounty] [Bounty] [Bounty] [BUG] LDAP Injection → Ano,120.00,2.50,117.50,Ethereum,EN_REVISION,0x8366bCe3a2D379De7656D7A67015789FaF999f20,https://github.com/zhangjiayang6835-cyber/bounty-plaza/pull/790,https://github.com/search?q=gh_4864581780
gh_2333806281,2026-08-05,Bounty gh_2333806281,250.00,2.50,247.50,Ethereum,BORRADOR,0x8366bCe3a2D379De7656D7A67015789FaF999f20,,https://github.com/sherlock-audit/2024-03-arrakis-judging/issues/80
bounty_demo_001,2026-08-05,Bounty bounty_demo_001,250.00,2.50,247.50,Ethereum,BORRADOR,0x8366bCe3a2D379De7656D7A67015789FaF999f20,,https://github.com/search?q=bounty_demo_001
gh_491242667,2026-08-05,Gitcoin development bounties.,150.00,2.50,147.50,Ethereum,BORRADOR,0x8366bCe3a2D379De7656D7A67015789FaF999f20,,https://github.com/RavenProject/Ravencoin/issues/655
test_bounty_999,2026-08-05,Fix memory leak in parser utility,150.00,2.50,147.50,Ethereum,BORRADOR,0x8366bCe3a2D379De7656D7A67015789FaF999f20,,https://github.com
